AGLIE' ;2156;1773;17;58;
AIRASCA ;2874;2462;30;111;
ALA DI STURA ;387;311;6;15;
ALBIANO D'IVREA ;1413;1219;15;48;
ALICE SUPERIORE ;556;452;5;21;
ALMESE ;4900;4237;38;159;
ALPETTE ;239;195;7;11;
ALPIGNANO ;14218;12268;87;331;
ANDEZENO ;1500;1332;13;42;
ANDRATE ;418;328;8;20;
ANGROGNA ;710;528;11;35;
ARIGNANO ;785;706;5;20;
AVIGLIANA ;9659;8190;52;225;
AZEGLIO ;1061;881;14;35;
BAIRO ;678;538;7;20;
BALANGERO ;2558;2178;31;89;
BALDISSERO CANAVESE ;437;394;5;16;
BALDISSERO TORINESE ;2837;2490;19;49;
BALME ;86;74;1;3;
BANCHETTE ;2769;2345;18;64;
BARBANIA ;1294;1057;19;46;
BARDONECCHIA ;2497;2089;18;43;
BARONE CANAVESE ;515;427;4;13;
BEINASCO ;15148;13272;87;388;
BIBIANA ;2458;2053;44;105;
BOBBIO PELLICE ;502;398;1;18;
BOLLENGO ;1715;1462;23;76;
BORGARO TORINESE ;10853;9541;61;237;
BORGIALLO ;433;381;12;16;
BORGOFRANCO D'IVREA ;3019;2536;22;87;
BORGOMASINO ;691;557;10;18;
BORGONE SUSA ;1929;1569;16;75;
BOSCONERO ;2458;2074;26;85;
BRANDIZZO ;6471;5586;45;176;
BRICHERASIO ;3431;2906;48;132;
BROSSO ;400;319;6;16;
BROZOLO ;389;336;4;12;
BRUINO ;6480;5845;28;116;
BRUSASCO ;1330;1092;14;35;
BRUZOLO ;1144;986;8;33;
BURIASCO ;1108;962;13;39;
BUROLO ;1123;951;7;24;
BUSANO ;1157;965;10;37;
BUSSOLENO ;5259;4285;42;157;
BUTTIGLIERA ALTA ;5371;4745;30;109;
CAFASSE ;3009;2532;23;98;
CALUSO ;6072;5166;47;157;
CAMBIANO ;4998;4440;37;134;
CAMPIGLIONE-FENILE ;1092;971;12;35;
CANDIA CANAVESE ;1082;900;12;32;
CANDIOLO ;4399;3962;30;105;
CANISCHIO ;242;208;5;9;
CANTALUPA ;1927;1692;29;70;
CANTOIRA ;471;368;6;22;
CAPRIE ;1644;1399;18;61;
CARAVINO ;850;734;9;29;
CAREMA ;620;452;9;22;
CARIGNANO ;7284;6197;79;244;
CARMAGNOLA ;20615;17486;166;610;
CASALBORGONE ;1480;1195;25;54;
CASCINETTE D'IVREA ;1215;1038;6;26;
CASELETTE ;2231;1991;17;59;
CASELLE TORINESE ;13718;11645;82;338;
CASTAGNETO PO ;1279;1092;5;18;
CASTAGNOLE PIEMONTE ;1572;1353;27;76;
CASTELLAMONTE ;7592;6261;77;250;
CASTELNUOVO NIGRA ;385;327;4;17;
CASTIGLIONE TORINESE ;4812;4258;23;96;
CAVAGNOLO ;1915;1615;21;61;
CAVOUR ;4486;3728;60;144;
CERCENASCO ;1513;1286;24;74;
CERES ;876;725;7;23;
CERESOLE REALE ;140;123;1;4;
CESANA TORINESE ;834;725;6;20;
CHIALAMBERTO ;312;253;4;6;
CHIANOCCO ;1376;1211;10;53;
CHIAVERANO ;1830;1556;17;54;
CHIERI ;27499;23550;187;594;
CHIESANUOVA ;179;138;3;6;
CHIOMONTE ;843;709;4;15;
CHIUSA DI SAN MICHELE ;1285;1107;16;43;
CHIVASSO ;19681;16618;166;526;
CICONIO ;295;257;3;14;
CINTANO ;217;172;4;4;
CINZANO ;310;260;2;5;
CIRIE' ;15190;12863;121;419;
CLAVIERE ;135;115;3;3;
COASSOLO TORINESE ;1230;1027;12;32;
COAZZE ;2510;2091;22;91;
COLLEGNO ;40723;35538;183;798;
COLLERETTO CASTELNUOVO ;277;227;1;9;
COLLERETTO GIACOSA ;509;452;1;15;
CONDOVE ;3775;3187;28;89;
CORIO ;2682;2132;21;92;
COSSANO CANAVESE ;453;387;11;28;
CUCEGLIO ;807;658;10;29;
CUMIANA ;6199;5297;42;172;
CUORGNE' ;8071;6880;75;240;
DRUENTO ;6708;5868;39;149;
EXILLES ;239;182;2;10;
FAVRIA ;3829;3103;34;120;
FELETTO ;1899;1523;25;79;
FENESTRELLE ;509;426;5;22;
FIANO ;2223;1960;21;55;
FIORANO CANAVESE ;724;627;9;23;
FOGLIZZO ;1812;1472;25;50;
FORNO CANAVESE ;3033;2333;42;95;
FRASSINETTO ;244;187;10;13;
FRONT ;1370;1127;21;50;
FROSSASCO ;2341;1978;27;67;
GARZIGLIANA ;436;388;5;14;
GASSINO TORINESE ;7691;6678;39;116;
GERMAGNANO ;1069;907;10;43;
GIAGLIONE ;554;470;11;27;
GIAVENO ;12499;10609;86;301;
GIVOLETTO ;2129;1909;22;48;
GRAVERE ;611;523;4;12;
GROSCAVALLO ;198;162;3;5;
GROSSO ;811;699;9;25;
GRUGLIASCO ;31655;27578;138;610;
INGRIA ;47;37;1;1;
INVERSO PINASCA ;603;503;7;19;
ISOLABELLA ;316;290;5;12;
ISSIGLIO ;360;279;2;21;
IVREA ;19980;16950;130;395;
LA CASSA ;1245;1132;4;31;
LA LOGGIA ;5797;5152;43;150;
LANZO TORINESE ;4285;3638;22;108;
LAURIANO ;1237;1040;14;42;
LEINI ;10443;9120;64;256;
LEMIE ;191;142;2;11;
LESSOLO ;1645;1388;21;56;
LEVONE ;396;338;3;11;
LOCANA ;1488;1208;30;71;
LOMBARDORE ;1292;1127;11;31;
LOMBRIASCO ;864;749;10;35;
LORANZE' ;873;749;3;15;
LUGNACCO ;324;278;3;10;
LUSERNA SAN GIOVANNI ;6384;5131;63;209;
LUSERNETTA ;431;359;11;27;
LUSIGLIE' ;444;376;7;19;
MACELLO ;940;815;16;36;
MAGLIONE ;409;347;6;14;
MARENTINO ;1059;933;12;25;
MASSELLO ;64;55;0;2;
MATHI ;3314;2777;34;102;
MATTIE ;622;486;8;25;
MAZZE' ;3361;2870;41;111;
MEANA DI SUSA ;782;634;6;29;
MERCENASCO ;986;826;8;28;
MEUGLIANO ;89;68;0;6;
MEZZENILE ;777;576;7;18;
MOMBELLO DI TORINO ;311;278;3;13;
MOMPANTERO ;546;462;3;22;
MONASTERO DI LANZO ;358;295;5;22;
MONCALIERI ;45028;38927;272;1022;
MONCENISIO ;38;35;1;1;
MONTALDO TORINESE ;531;468;4;8;
MONTALENGHE ;743;619;9;20;
MONTALTO DORA ;2841;2455;26;74;
MONTANARO ;4519;3819;49;146;
MONTEU DA PO ;737;605;4;21;
MORIONDO TORINESE ;658;594;9;20;
NICHELINO ;39034;33902;264;1115;
NOASCA ;178;132;3;7;
NOLE ;5479;4564;48;162;
NOMAGLIO ;290;233;6;16;
NONE ;6305;5396;38;152;
NOVALESA ;451;391;3;22;
OGLIANICO ;1135;964;14;28;
ORBASSANO ;17968;15756;110;452;
ORIO CANAVESE ;710;596;7;23;
OSASCO ;914;788;11;20;
OSASIO ;684;579;6;21;
OULX ;2401;2012;10;39;
OZEGNA ;1017;855;18;42;
PALAZZO CANAVESE ;677;580;4;17;
PANCALIERI ;1518;1303;18;50;
PARELLA ;398;349;0;2;
PAVAROLO ;760;643;7;17;
PAVONE CANAVESE ;3197;2760;32;107;
PECCO ;195;168;2;8;
PECETTO TORINESE ;3059;2724;21;68;
PEROSA ARGENTINA ;2990;2427;30;122;
PEROSA CANAVESE ;473;396;4;17;
PERRERO ;660;522;8;17;
PERTUSIO ;615;537;8;19;
PESSINETTO ;561;451;0;9;
PIANEZZA ;9955;8805;52;189;
PINASCA ;2466;2079;24;71;
PINEROLO ;28535;23936;190;618;
PINO TORINESE ;6892;6078;32;84;
PIOBESI TORINESE ;2874;2554;28;91;
PIOSSASCO ;13990;12174;72;287;
PISCINA ;2591;2246;29;94;
PIVERONE ;1051;911;8;30;
POIRINO ;7525;6495;68;216;
POMARETTO ;942;825;6;31;
PONT-CANAVESE ;3107;2508;45;126;
PORTE ;806;681;10;29;
PRAGELATO ;435;376;5;13;
PRALI ;254;216;3;6;
PRALORMO ;1433;1221;25;47;
PRAMOLLO ;210;166;3;9;
PRAROSTINO ;1043;862;7;27;
PRASCORSANO ;663;536;7;14;
PRATIGLIONE ;483;368;5;16;
QUAGLIUZZO ;271;230;2;16;
QUASSOLO ;305;253;4;7;
QUINCINETTO ;904;783;25;38;
REANO ;1272;1100;6;30;
RIBORDONE ;77;55;1;2;
RIVALBA ;851;741;8;27;
RIVALTA DI TORINO ;14881;13169;105;311;
RIVA PRESSO CHIERI ;3149;2737;25;76;
RIVARA ;2148;1786;24;84;
RIVAROLO CANAVESE ;9847;8097;86;269;
RIVAROSSA ;1189;1006;11;38;
RIVOLI ;41858;36322;221;844;
ROBASSOMERO ;2444;2163;16;46;
ROCCA CANAVESE ;1417;1167;16;37;
ROLETTO ;1636;1451;16;44;
ROMANO CANAVESE ;2394;2055;12;68;
RONCO CANAVESE ;307;228;5;10;
RONDISSONE ;1394;1205;14;36;
RORA' ;220;182;3;6;
ROSTA ;3182;2837;16;56;
ROURE ;805;687;18;45;
RUBIANA ;1790;1501;12;52;
RUEGLIO ;674;471;4;24;
SALASSA ;1383;1159;20;61;
SALBERTRAND ;414;339;2;6;
SALERANO CANAVESE ;439;396;3;14;
SALZA DI PINEROLO ;63;50;2;6;
SAMONE ;1267;1078;10;40;
SAN BENIGNO CANAVESE ;4314;3730;32;103;
SAN CARLO CANAVESE ;3015;2585;31;85;
SAN COLOMBANO BELMONTE ;312;271;4;4;
SAN DIDERO ;422;362;3;10;
SAN FRANCESCO AL CAMPO ;3678;3095;38;129;
SANGANO ;3151;2819;18;54;
SAN GERMANO CHISONE ;1526;1239;14;45;
SAN GILLIO ;2169;1884;10;47;
SAN GIORGIO CANAVESE ;2021;1725;23;58;
SAN GIORIO DI SUSA ;841;729;13;40;
SAN GIUSTO CANAVESE ;2643;2168;24;73;
SAN MARTINO CANAVESE ;692;594;3;19;
SAN MAURIZIO CANAVESE ;6514;5703;56;198;
SAN MAURO TORINESE ;15260;13546;70;290;
SAN PIETRO VAL LEMINA ;1252;1065;15;29;
SAN PONSO ;243;195;4;13;
SAN RAFFAELE CIMENA ;2422;2135;17;56;
SAN SEBASTIANO DA PO ;1566;1368;17;46;
SAN SECONDO DI PINEROLO ;2873;2431;20;71;
SANT'AMBROGIO DI TORINO ;3625;3122;23;107;
SANT'ANTONINO DI SUSA ;3312;2819;20;97;
SANTENA ;8264;7151;59;199;
SAUZE DI CESANA ;184;159;1;1;
SAUZE D'OULX ;904;759;6;9;
SCALENGHE ;2579;2281;34;101;
SCARMAGNO ;634;546;4;18;
SCIOLZE ;1189;1036;12;20;
SESTRIERE ;693;603;6;19;
SETTIMO ROTTARO ;440;379;6;16;
SETTIMO TORINESE ;38869;33179;203;853;
SETTIMO VITTONE ;1323;1064;19;50;
SPARONE ;917;725;13;33;
STRAMBINELLO ;222;198;2;8;
STRAMBINO ;5083;4314;31;138;
SUSA ;5378;4398;37;178;
TAVAGNASCO ;647;513;8;23;
TORINO ;712220;593949;3329;12730;
TORRAZZA PIEMONTE ;2086;1860;20;61;
TORRE CANAVESE ;525;440;3;12;
TORRE PELLICE ;3847;3110;33;100;
TRANA ;2941;2551;12;54;
TRAUSELLA ;120;88;2;5;
TRAVERSELLA ;327;236;6;9;
TRAVES ;473;402;7;13;
TROFARELLO ;8948;7943;51;221;
USSEAUX ;160;118;1;4;
USSEGLIO ;201;144;4;8;
VAIE ;1120;954;16;42;
VAL DELLA TORRE ;3063;2636;16;68;
VALLO TORINESE ;622;559;4;17;
VALGIOIE ;702;597;8;20;
VALPERGA ;2602;2173;28;80;
VALPRATO SOANA ;117;86;2;5;
VARISELLA ;652;546;7;29;
VAUDA CANAVESE ;1237;1040;14;45;
VENARIA REALE ;28719;25000;131;538;
VENAUS ;813;668;9;47;
VEROLENGO ;3951;3394;41;149;
VERRUA SAVOIA ;1234;998;16;42;
VESTIGNE' ;715;615;13;32;
VIALFRE' ;200;176;3;12;
VICO CANAVESE ;744;578;15;44;
VIDRACCO ;448;408;2;12;
VIGONE ;4294;3573;64;147;
VILLAFRANCA PIEMONTE ;3887;3266;57;118;
VILLANOVA CANAVESE ;857;725;9;40;
VILLARBASSE ;2489;2207;15;45;
VILLAR DORA ;2346;2017;16;72;
VILLAREGGIA ;867;768;14;39;
VILLAR FOCCHIARDO ;1710;1455;9;65;
VILLAR PELLICE ;1017;753;12;45;
VILLAR PEROSA ;3512;2961;23;106;
VILLASTELLONE ;3771;3349;32;97;
VINOVO ;10982;9802;87;264;
VIRLE PIEMONTE ;892;758;8;26;
VISCHE ;1176;957;16;38;
VISTRORIO ;436;384;5;15;
VIU' ;1012;735;14;46;
VOLPIANO ;11279;9456;72;258;
VOLVERA ;6469;5597;43;192;
ACQUI TERME ;16892;14048;167;472;
ALBERA LIGURE ;302;235;8;16;
ALESSANDRIA ;73763;60668;498;1725;
ALFIANO NATTA ;665;539;13;25;
ALICE BEL COLLE ;645;537;9;16;
ALLUVIONI CAMBIO' ;857;728;11;29;
ALTAVILLA MONFERRATO ;409;353;4;9;
ALZANO SCRIVIA ;335;298;4;11;
ARQUATA SCRIVIA ;4970;4269;39;129;
AVOLASCA ;253;204;3;3;
BALZOLA ;1261;1103;23;45;
BASALUZZO ;1616;1367;17;49;
BASSIGNANA ;1460;1252;20;43;
BELFORTE MONFERRATO ;377;344;1;5;
BERGAMASCO ;635;557;7;21;
BERZANO DI TORTONA ;125;106;1;1;
BISTAGNO ;1495;1260;22;67;
BORGHETTO DI BORBERA ;1662;1414;21;53;
BORGORATTO ALESSANDRINO ;524;458;3;18;
BORGO SAN MARTINO ;1112;950;21;41;
BOSCO MARENGO ;2113;1803;24;56;
BOSIO ;1008;862;9;31;
BOZZOLE ;289;268;4;10;
BRIGNANO FRASCATA ;439;379;5;13;
CABELLA LIGURE ;539;432;8;16;
CAMAGNA MONFERRATO ;484;409;13;20;
CAMINO ;678;577;8;22;
CANTALUPO LIGURE ;495;397;7;17;
CAPRIATA D'ORBA ;1581;1368;14;26;
CARBONARA SCRIVIA ;833;728;5;26;
CARENTINO ;267;225;2;4;
CAREZZANO ;393;320;5;10;
CARPENETO ;806;683;11;30;
CARREGA LIGURE ;108;72;3;4;
CARROSIO ;392;340;4;13;
CARTOSIO ;663;542;11;32;
CASAL CERMELLI ;970;821;5;26;
CASALEGGIO BOIRO ;334;301;10;17;
CASALE MONFERRATO ;29243;24538;277;772;
CASALNOCETO ;761;641;14;21;
CASASCO ;122;101;4;5;
CASSANO SPINOLA ;1573;1336;14;37;
CASSINE ;2504;2044;27;79;
CASSINELLE ;748;609;7;20;
CASTELLANIA ;87;71;0;0;
CASTELLAR GUIDOBONO ;333;306;4;7;
CASTELLAZZO BORMIDA ;3643;2993;31;112;
CASTELLETTO D'ERRO ;129;102;1;4;
CASTELLETTO D'ORBA ;1657;1425;16;38;
CASTELLETTO MERLI ;421;348;4;14;
CASTELLETTO MONFERRATO ;1254;1119;10;27;
CASTELNUOVO BORMIDA ;578;464;7;23;
CASTELNUOVO SCRIVIA ;4656;3961;49;129;
CASTELSPINA ;375;302;0;6;
CAVATORE ;256;201;2;8;
CELLA MONTE ;454;406;4;9;
CERESETO ;401;361;5;17;
CERRETO GRUE ;312;280;2;3;
CERRINA ;1302;1098;15;35;
CONIOLO ;377;339;5;9;
CONZANO ;833;723;10;25;
COSTA VESCOVATO ;298;247;0;5;
CREMOLINO ;898;774;7;27;
CUCCARO MONFERRATO ;310;256;4;11;
DENICE ;182;157;8;10;
DERNICE ;220;181;7;11;
FABBRICA CURONE ;685;542;7;11;
FELIZZANO ;1958;1711;23;70;
FRACONALTO ;299;243;3;15;
FRANCAVILLA BISIO ;405;354;7;9;
FRASCARO ;391;314;4;16;
FRASSINELLO MONFERRATO ;462;408;13;24;
FRASSINETO PO ;1199;1024;19;53;
FRESONARA ;608;527;8;16;
FRUGAROLO ;1656;1404;9;42;
FUBINE ;1325;1104;27;48;
GABIANO ;1078;860;21;42;
GAMALERO ;684;575;5;16;
GARBAGNA ;605;523;9;14;
GAVAZZANA ;118;103;1;3;
GAVI ;3844;3291;44;110;
GIAROLE ;596;519;13;25;
GREMIASCO ;318;257;5;9;
GROGNARDO ;286;224;3;5;
GRONDONA ;475;393;1;7;
GUAZZORA ;272;233;5;11;
ISOLA SANT'ANTONIO ;621;549;9;15;
LERMA ;726;619;8;12;
LU ;1038;879;18;47;
MALVICINO ;102;85;2;6;
MASIO ;1258;1074;22;38;
MELAZZO ;1026;850;7;28;
MERANA ;161;130;3;8;
MIRABELLO MONFERRATO ;1151;965;6;23;
MOLARE ;1832;1588;20;53;
MOLINO DEI TORTI ;603;539;10;28;
MOMBELLO MONFERRATO ;950;784;11;26;
MOMPERONE ;193;166;0;2;
MONCESTINO ;192;168;1;4;
MONGIARDINO LIGURE ;179;127;3;3;
MONLEALE ;535;462;9;15;
MONTACUTO ;310;248;4;5;
MONTALDEO ;273;227;2;6;
MONTALDO BORMIDA ;585;470;14;18;
MONTE CASTELLO ;311;267;6;18;
MONTECHIARO D'ACQUI ;493;417;4;11;
MONTEGIOCO ;266;213;3;9;
MONTEMARZINO ;318;253;3;9;
MORANO SUL PO ;1299;1119;12;32;
MORBELLO ;406;322;6;9;
MORNESE ;609;532;4;6;
MORSASCO ;602;516;9;15;
MURISENGO ;1291;1090;25;56;
NOVI LIGURE ;23060;19394;171;493;
OCCIMIANO ;1078;947;15;37;
ODALENGO GRANDE ;488;359;11;18;
ODALENGO PICCOLO ;226;199;3;7;
OLIVOLA ;126;104;1;5;
ORSARA BORMIDA ;361;300;0;7;
OTTIGLIO ;572;463;11;17;
OVADA ;9890;8493;73;228;
OVIGLIO ;1079;927;4;27;
OZZANO MONFERRATO ;1326;1103;22;40;
PADERNA ;212;183;3;5;
PARETO ;580;459;8;13;
PARODI LIGURE ;659;520;1;12;
PASTURANA ;907;787;8;19;
PECETTO DI VALENZA ;1093;957;10;22;
PIETRA MARAZZI ;779;671;9;19;
PIOVERA ;658;580;6;23;
POMARO MONFERRATO ;348;301;3;14;
PONTECURONE ;3167;2712;29;75;
PONTESTURA ;1302;1090;11;32;
PONTI ;609;491;8;14;
PONZANO MONFERRATO ;332;276;12;18;
PONZONE ;1090;822;13;32;
POZZOL GROPPO ;347;312;4;8;
POZZOLO FORMIGARO ;3946;3331;35;89;
PRASCO ;436;369;7;14;
PREDOSA ;1729;1475;15;46;
QUARGNENTO ;1118;949;6;29;
QUATTORDIO ;1437;1268;22;45;
RICALDONE ;528;448;13;23;
RIVALTA BORMIDA ;1213;1026;10;41;
RIVARONE ;340;293;1;6;
ROCCAFORTE LIGURE ;161;127;3;3;
ROCCA GRIMALDA ;1242;1051;8;28;
ROCCHETTA LIGURE ;199;163;1;5;
ROSIGNANO MONFERRATO ;1379;1179;16;36;
SALA MONFERRATO ;385;345;8;19;
SALE ;3548;2898;34;117;
SAN CRISTOFORO ;515;465;5;10;
SAN GIORGIO MONFERRATO ;1073;918;9;19;
SAN SALVATORE MONFERRATO ;3862;3278;38;93;
SAN SEBASTIANO CURONE ;458;371;4;10;
SANT'AGATA FOSSILI ;368;309;4;13;
SARDIGLIANO ;378;311;5;7;
SAREZZANO ;1010;865;17;39;
SERRALUNGA DI CREA ;527;459;5;9;
SERRAVALLE SCRIVIA ;4823;3995;36;96;
SEZZADIO ;1061;887;12;28;
SILVANO D'ORBA ;1565;1369;16;31;
SOLERO ;1413;1220;15;45;
SOLONGHELLO ;197;157;6;9;
SPIGNO MONFERRATO ;1023;809;18;29;
SPINETO SCRIVIA ;268;232;2;2;
STAZZANO ;1861;1585;23;57;
STREVI ;1602;1288;17;51;
TAGLIOLO MONFERRATO ;1265;1128;12;30;
TASSAROLO ;499;439;12;21;
TERRUGGIA ;675;585;7;22;
TERZO ;750;631;3;24;
TICINETO ;1168;1012;16;47;
TORTONA ;21780;18352;147;458;
TREVILLE ;232;196;2;8;
TRISOBBIO ;574;491;7;16;
VALENZA ;16835;14437;130;368;
VALMACCA ;923;784;8;22;
VIGNALE MONFERRATO ;894;737;10;31;
VIGNOLE BORBERA ;1788;1505;22;54;
VIGUZZOLO ;2525;2219;31;70;
VILLADEATI ;426;337;5;10;
VILLALVERNIA ;793;701;7;16;
VILLAMIROGLIO ;313;244;2;6;
VILLANOVA MONFERRATO ;1514;1325;16;35;
VILLAROMAGNANO ;644;562;8;17;
VISONE ;976;820;8;30;
VOLPEDO ;995;877;8;15;
VOLPEGLINO ;138;124;4;4;
VOLTAGGIO ;673;583;9;12;
AGLIANO TERME ;1417;1186;31;52;
ALBUGNANO ;379;309;5;15;
ANTIGNANO ;864;736;15;36;
ARAMENGO ;531;437;6;14;
ASTI ;59033;48273;418;1430;
AZZANO D'ASTI ;332;291;3;10;
BALDICHIERI D'ASTI ;773;672;15;30;
BELVEGLIO ;260;216;3;3;
BERZANO DI SAN PIETRO ;328;269;3;11;
BRUNO ;320;280;3;9;
BUBBIO ;764;657;11;33;
BUTTIGLIERA D'ASTI ;1776;1530;20;57;
CALAMANDRANA ;1297;1126;32;56;
CALLIANO ;1194;974;27;54;
CALOSSO ;1067;908;21;40;
CAMERANO CASASCO ;408;351;9;12;
CANELLI ;8159;6779;80;218;
CANTARANA ;714;614;8;32;
CAPRIGLIO ;250;215;0;5;
CASORZO ;572;488;7;26;
CASSINASCO ;486;412;3;19;
CASTAGNOLE DELLE LANZE ;2942;2470;37;110;
CASTAGNOLE MONFERRATO ;1044;820;7;21;
CASTEL BOGLIONE ;518;447;6;14;
CASTELL'ALFERO ;2264;1954;27;79;
CASTELLERO ;254;213;2;7;
CASTELLETTO MOLINA ;136;117;6;7;
CASTELLO DI ANNONE ;1500;1256;23;62;
CASTELNUOVO BELBO ;750;629;12;25;
CASTELNUOVO CALCEA ;661;544;17;29;
CASTELNUOVO DON BOSCO ;2532;2076;29;78;
CASTEL ROCCHERO ;301;249;6;10;
CELLARENGO ;542;480;3;12;
CELLE ENOMONDO ;399;324;6;8;
CERRETO D'ASTI ;228;181;0;3;
CERRO TANARO ;507;441;6;15;
CESSOLE ;347;283;9;20;
CHIUSANO D'ASTI ;213;186;4;10;
CINAGLIO ;387;326;9;11;
CISTERNA D'ASTI ;982;858;12;36;
COAZZOLO ;229;205;3;4;
COCCONATO ;1274;1041;20;35;
CORSIONE ;159;132;3;9;
CORTANDONE ;251;203;3;8;
CORTANZE ;224;190;5;10;
CORTAZZONE ;530;449;6;17;
CORTIGLIONE ;451;386;5;13;
COSSOMBRATO ;383;323;8;12;
COSTIGLIOLE D'ASTI ;4731;3868;55;139;
CUNICO ;408;351;4;8;
DUSINO SAN MICHELE ;765;659;5;20;
FERRERE ;1283;1050;13;51;
FONTANILE ;456;393;10;21;
FRINCO ;614;511;6;22;
GRANA ;501;435;12;30;
GRAZZANO BADOGLIO ;539;436;5;17;
INCISA SCAPACCINO ;1701;1419;29;65;
ISOLA D'ASTI ;1713;1447;21;43;
LOAZZOLO ;285;237;10;16;
MARANZANA ;265;206;4;5;
MARETTO ;315;271;2;4;
MOASCA ;362;322;13;18;
MOMBALDONE ;197;173;1;5;
MOMBARUZZO ;917;772;20;42;
MOMBERCELLI ;1884;1584;16;57;
MONALE ;760;654;11;25;
MONASTERO BORMIDA ;808;698;16;40;
MONCALVO ;2737;2231;29;85;
MONCUCCO TORINESE ;695;584;4;18;
MONGARDINO ;800;670;10;33;
MONTABONE ;325;284;4;12;
MONTAFIA ;827;707;12;27;
MONTALDO SCARAMPI ;610;528;11;21;
MONTECHIARO D'ASTI ;1081;938;11;41;
MONTEGROSSO D'ASTI ;1780;1503;27;83;
MONTEMAGNO ;1013;805;11;30;
MONTIGLIO MONFERRATO ;1463;1184;9;37;
MORANSENGO ;199;163;4;11;
NIZZA MONFERRATO ;7904;6585;90;234;
OLMO GENTILE ;85;71;4;7;
PASSERANO MARMORITO ;399;312;3;8;
PENANGO ;454;382;6;16;
PIEA ;473;382;6;20;
PINO D'ASTI ;182;143;3;9;
PIOVA' MASSAIA ;552;458;10;25;
PORTACOMARO ;1675;1431;14;57;
QUARANTI ;173;150;2;4;
REFRANCORE ;1347;1125;13;36;
REVIGLIASCO D'ASTI ;726;643;10;22;
ROATTO ;327;290;6;9;
ROBELLA ;476;388;8;13;
ROCCA D'ARAZZO ;807;663;12;27;
ROCCAVERANO ;407;316;8;13;
ROCCHETTA PALAFEA ;333;277;3;5;
ROCCHETTA TANARO ;1193;1003;22;55;
SAN DAMIANO D'ASTI ;6195;5095;89;249;
SAN GIORGIO SCARAMPI ;106;90;3;4;
SAN MARTINO ALFIERI ;604;535;12;20;
SAN MARZANO OLIVETO ;866;728;5;21;
SAN PAOLO SOLBRITO ;918;801;10;20;
SCURZOLENGO ;533;440;5;16;
SEROLE ;144;120;6;9;
SESSAME ;234;202;5;10;
SETTIME ;461;374;7;22;
SOGLIO ;138;126;0;0;
TIGLIOLE ;1442;1172;16;36;
TONCO ;751;631;6;28;
TONENGO ;168;138;1;7;
VAGLIO SERRA ;228;179;4;5;
VALFENERA ;1816;1538;28;54;
VESIME ;548;458;10;26;
VIALE D'ASTI ;236;191;2;4;
VIARIGI ;831;677;8;17;
VIGLIANO D'ASTI ;685;559;14;21;
VILLAFRANCA D'ASTI ;2472;2057;31;82;
VILLANOVA D'ASTI ;3891;3373;48;120;
VILLA SAN SECONDO ;355;287;7;11;
VINCHIO ;555;465;9;26;
ACCEGLIO ;147;120;6;9;
AISONE ;228;172;5;8;
ALBA ;24110;20788;222;623;
ALBARETTO DELLA TORRE ;206;184;4;12;
ALTO ;109;97;4;5;
ARGENTERA ;85;74;1;1;
ARGUELLO ;159;141;0;1;
BAGNASCO ;822;681;8;35;
BAGNOLO PIEMONTE ;4495;3736;68;213;
BALDISSERO D'ALBA ;884;750;22;45;
BARBARESCO ;507;438;15;24;
BARGE ;5869;4893;82;234;
BAROLO ;576;507;10;16;
BASTIA MONDOVI' ;484;418;9;19;
BATTIFOLLO ;225;186;1;4;
BEINETTE ;2291;1976;41;94;
BELLINO ;142;105;9;12;
BELVEDERE LANGHE ;294;254;6;12;
BENE VAGIENNA ;2711;2281;44;122;
BENEVELLO ;385;349;12;15;
BERGOLO ;63;56;2;2;
BERNEZZO ;2557;2246;37;97;
BONVICINO ;99;90;6;11;
BORGOMALE ;319;269;8;16;
BORGO SAN DALMAZZO ;9505;8112;93;254;
BOSIA ;170;154;4;12;
BOSSOLASCO ;567;468;9;17;
BOVES ;7490;6363;92;264;
BRA ;22501;18966;200;681;
BRIAGLIA ;243;199;1;5;
BRIGA ALTA ;53;43;1;1;
BRONDELLO ;273;219;6;10;
BROSSASCO ;932;798;15;40;
BUSCA ;7653;6681;89;234;
CAMERANA ;597;495;17;31;
CAMO ;177;150;4;6;
CANALE ;4124;3566;54;125;
CANOSIO ;79;66;1;1;
CAPRAUNA ;117;87;7;8;
CARAGLIO ;5139;4452;74;158;
CARAMAGNA PIEMONTE ;2258;1951;33;96;
CARDE' ;898;801;17;38;
CARRU' ;3335;2752;64;161;
CARTIGNANO ;152;122;3;5;
CASALGRASSO ;1114;973;12;42;
CASTAGNITO ;1406;1267;19;43;
CASTELDELFINO ;176;128;3;6;
CASTELLAR ;230;198;2;7;
CASTELLETTO STURA ;941;808;22;42;
CASTELLETTO UZZONE ;308;263;4;10;
CASTELLINALDO ;697;589;16;28;
CASTELLINO TANARO ;286;241;5;19;
CASTELMAGNO ;95;71;0;4;
CASTELNUOVO DI CEVA ;110;97;3;4;
CASTIGLIONE FALLETTO ;506;441;2;12;
CASTIGLIONE TINELLA ;702;613;20;31;
CASTINO ;404;352;10;21;
CAVALLERLEONE ;470;412;17;31;
CAVALLERMAGGIORE ;3950;3445;44;131;
CELLE DI MACRA ;105;86;3;3;
CENTALLO ;4966;4412;102;209;
CERESOLE ALBA ;1697;1491;13;42;
CERRETO DELLE LANGHE ;351;287;11;26;
CERVASCA ;3610;3152;49;112;
CERVERE ;1501;1314;16;60;
CEVA ;4435;3639;50;136;
CHERASCO ;6075;5194;87;209;
CHIUSA DI PESIO ;2983;2499;34;110;
CIGLIE' ;158;121;3;4;
CISSONE ;68;59;1;5;
CLAVESANA ;711;596;14;25;
CORNELIANO D'ALBA ;1543;1339;26;55;
CORTEMILIA ;2036;1751;28;70;
COSSANO BELBO ;863;754;22;50;
COSTIGLIOLE SALUZZO ;2512;2166;30;97;
CRAVANZANA ;327;277;4;15;
CRISSOLO ;186;143;3;5;
CUNEO ;43809;37497;355;1023;
DEMONTE ;1693;1345;30;73;
DIANO D'ALBA ;2540;2252;27;86;
DOGLIANI ;3567;2978;77;157;
DRONERO ;5519;4745;71;209;
ELVA ;91;74;0;1;
ENTRACQUE ;723;608;16;46;
ENVIE ;1553;1320;23;46;
FARIGLIANO ;1395;1175;37;73;
FAULE ;360;305;5;15;
FEISOGLIO ;339;282;5;6;
FOSSANO ;19147;16768;256;640;
FRABOSA SOPRANA ;720;576;17;41;
FRABOSA SOTTANA ;1182;934;16;30;
FRASSINO ;242;181;3;10;
GAIOLA ;406;361;10;19;
GAMBASCA ;291;229;5;9;
GARESSIO ;2905;2328;42;106;
GENOLA ;1832;1643;26;53;
GORZEGNO ;309;249;8;13;
GOTTASECCA ;160;142;6;12;
GOVONE ;1686;1438;24;46;
GRINZANE CAVOUR ;1422;1265;22;56;
GUARENE ;2451;2197;34;76;
IGLIANO ;70;53;0;1;
ISASCA ;83;68;4;5;
LAGNASCO ;1041;962;19;38;
LA MORRA ;2107;1811;30;63;
LEQUIO BERRIA ;452;390;9;19;
LEQUIO TANARO ;569;478;7;23;
LESEGNO ;658;571;7;24;
LEVICE ;209;178;8;11;
LIMONE PIEMONTE ;1374;1168;10;27;
LISIO ;197;167;5;12;
MACRA ;55;43;0;0;
MAGLIANO ALFIERI ;1383;1219;16;48;
MAGLIANO ALPI ;1714;1438;33;82;
MANGO ;1047;906;22;35;
MANTA ;2763;2410;35;89;
MARENE ;2205;1969;36;81;
MARGARITA ;1085;930;21;45;
MARMORA ;79;61;1;2;
MARSAGLIA ;264;205;6;11;
MARTINIANA PO ;587;489;15;41;
MELLE ;294;224;9;13;
MOIOLA ;252;217;6;17;
MOMBARCARO ;280;227;9;15;
MOMBASIGLIO ;528;445;8;18;
MONASTERO DI VASCO ;1099;878;16;40;
MONASTEROLO CASOTTO ;104;82;3;4;
MONASTEROLO DI SAVIGLIANO ;972;853;21;43;
MONCHIERO ;410;361;6;17;
MONDOVI' ;17153;14308;188;508;
MONESIGLIO ;619;515;11;16;
MONFORTE D'ALBA ;1538;1257;24;54;
MONTA' ;3591;3116;53;140;
MONTALDO DI MONDOVI' ;508;385;12;18;
MONTALDO ROERO ;739;643;10;26;
MONTANERA ;541;465;6;18;
MONTELUPO ALBESE ;374;332;11;15;
MONTEMALE DI CUNEO ;188;149;5;8;
MONTEROSSO GRANA ;425;319;2;16;
MONTEU ROERO ;1342;1163;17;44;
MONTEZEMOLO ;241;202;3;9;
MONTICELLO D'ALBA ;1582;1358;14;35;
MORETTA ;3359;2886;46;113;
MOROZZO ;1586;1391;34;72;
MURAZZANO ;679;545;16;34;
MURELLO ;751;645;16;32;
NARZOLE ;2442;2092;39;76;
NEIVE ;2370;1987;40;94;
NEVIGLIE ;344;310;5;5;
NIELLA BELBO ;361;301;2;9;
NIELLA TANARO ;813;670;8;33;
NOVELLO ;747;661;12;28;
NUCETTO ;380;311;9;14;
ONCINO ;94;78;0;1;
ORMEA ;1644;1288;19;52;
OSTANA ;62;49;0;4;
PAESANA ;2503;2029;59;150;
PAGNO ;486;418;7;20;
PAMPARATO ;361;289;2;6;
PAROLDO ;212;170;5;12;
PERLETTO ;255;213;8;13;
PERLO ;106;89;2;5;
PEVERAGNO ;4274;3644;43;131;
PEZZOLO VALLE UZZONE ;292;256;7;10;
PIANFEI ;1561;1305;23;56;
PIASCO ;2283;1943;27;67;
PIETRAPORZIO ;80;69;5;6;
PIOBESI D'ALBA ;901;820;5;14;
PIOZZO ;825;685;15;32;
POCAPAGLIA ;2329;2043;30;89;
POLONGHERA ;984;838;11;24;
PONTECHIANALE ;172;139;0;6;
PRADLEVES ;244;203;7;11;
PRAZZO ;167;137;2;5;
PRIERO ;371;305;3;10;
PRIOCCA ;1608;1424;29;60;
PRIOLA ;640;507;11;19;
PRUNETTO ;423;364;7;16;
RACCONIGI ;7799;6687;83;279;
REVELLO ;3380;2900;58;116;
RIFREDDO ;834;710;21;40;
RITTANA ;120;91;2;4;
ROASCHIA ;158;131;6;10;
ROASCIO ;70;63;1;6;
ROBILANTE ;1879;1606;26;108;
ROBURENT ;486;409;10;22;
ROCCABRUNA ;1193;1048;14;37;
ROCCA CIGLIE' ;139;110;3;5;
ROCCA DE' BALDI ;1317;1120;23;68;
ROCCAFORTE MONDOVI' ;1688;1387;24;63;
ROCCASPARVERA ;583;463;8;23;
ROCCAVIONE ;2245;1822;30;83;
ROCCHETTA BELBO ;164;131;7;10;
RODDI ;1169;1039;15;37;
RODDINO ;323;283;4;17;
RODELLO ;754;687;9;25;
ROSSANA ;750;643;15;31;
RUFFIA ;262;240;4;7;
SALE DELLE LANGHE ;417;365;10;16;
SALE SAN GIOVANNI ;152;126;3;5;
SALICETO ;1217;1034;17;48;
SALMOUR ;556;486;10;29;
SALUZZO ;12910;10799;109;300;
SAMBUCO ;77;54;3;5;
SAMPEYRE ;959;761;13;29;
SAN BENEDETTO BELBO ;163;138;3;6;
SAN DAMIANO MACRA ;375;294;12;22;
SANFRE' ;2104;1807;16;57;
SANFRONT ;2174;1839;45;102;
SAN MICHELE MONDOVI' ;1579;1293;24;49;
SANT'ALBANO STURA ;1728;1527;27;66;
SANTA VITTORIA D'ALBA ;2016;1753;31;75;
SANTO STEFANO BELBO ;3178;2776;55;108;
SANTO STEFANO ROERO ;1063;898;17;37;
SAVIGLIANO ;16181;14046;154;480;
SCAGNELLO ;184;163;2;5;
SCARNAFIGI ;1498;1336;14;33;
SERRALUNGA D'ALBA ;383;317;4;7;
SERRAVALLE LANGHE ;288;235;3;7;
SINIO ;370;307;7;11;
SOMANO ;311;262;4;13;
SOMMARIVA DEL BOSCO ;4855;4082;54;161;
SOMMARIVA PERNO ;2243;1904;22;72;
STROPPO ;83;63;1;1;
TARANTASCA ;1570;1411;20;48;
TORRE BORMIDA ;189;157;2;10;
TORRE MONDOVI' ;425;346;3;12;
TORRE SAN GIORGIO ;554;488;9;20;
TORRESINA ;58;52;1;1;
TREISO ;617;558;2;16;
TREZZO TINELLA ;284;246;5;10;
TRINITA' ;1656;1428;34;80;
VALDIERI ;827;681;14;37;
VALGRANA ;660;560;11;33;
VALLORIATE ;139;102;0;1;
VALMALA ;59;54;1;2;
VENASCA ;1261;1046;19;62;
VERDUNO ;430;377;3;8;
VERNANTE ;1091;918;28;55;
VERZUOLO ;4899;4246;53;156;
VEZZA D'ALBA ;1753;1551;21;47;
VICOFORTE ;2560;2167;33;86;
VIGNOLO ;1655;1462;25;58;
VILLAFALLETTO ;2300;2038;31;86;
VILLANOVA MONDOVI' ;4438;3726;73;179;
VILLANOVA SOLARO ;671;583;13;24;
VILLAR SAN COSTANZO ;1158;1002;15;42;
VINADIO ;599;482;7;28;
VIOLA ;398;298;6;17;
VOTTIGNASCO ;461;416;8;26;
AGRATE CONTURBIA ;1068;895;12;32;
AMENO ;739;634;13;18;
ARMENO ;1814;1538;29;76;
ARONA ;11732;10050;83;238;
BARENGO ;747;644;12;40;
BELLINZAGO NOVARESE ;7179;6362;76;280;
BIANDRATE ;902;762;12;30;
BOCA ;969;804;11;38;
BOGOGNO ;1016;875;12;32;
BOLZANO NOVARESE ;862;769;9;25;
BORGOLAVEZZARO ;1635;1404;17;49;
BORGOMANERO ;16404;14044;157;463;
BORGO TICINO ;3385;2795;40;103;
BRIGA NOVARESE ;2312;2077;17;72;
BRIONA ;961;845;11;29;
CALTIGNAGA ;2012;1810;13;55;
CAMERI ;8267;7344;53;219;
CARPIGNANO SESIA ;2148;1892;33;81;
CASALBELTRAME ;784;677;5;22;
CASALEGGIO NOVARA ;745;654;9;25;
CASALINO ;1251;1129;11;39;
CASALVOLONE ;670;589;9;19;
CASTELLAZZO NOVARESE ;243;213;4;5;
CASTELLETTO SOPRA TICINO ;7536;6458;57;161;
CAVAGLIETTO ;341;306;5;15;
CAVAGLIO D'AGOGNA ;1098;950;9;38;
CAVALLIRIO ;1008;891;7;33;
CERANO ;5526;4712;72;208;
COLAZZA ;382;338;2;7;
COMIGNAGO ;897;802;11;29;
CRESSA ;1260;1110;14;32;
CUREGGIO ;1933;1726;25;79;
DIVIGNANO ;1056;901;15;36;
DORMELLETTO ;2023;1760;8;28;
FARA NOVARESE ;1741;1518;25;60;
FONTANETO D'AGOGNA ;2136;1813;28;63;
GALLIATE ;11801;9935;99;316;
GARBAGNA NOVARESE ;881;776;11;25;
GARGALLO ;1413;1274;17;39;
GATTICO ;2657;2323;34;102;
GHEMME ;3040;2555;38;78;
GOZZANO ;4572;3947;46;128;
GRANOZZO CON MONTICELLO ;1099;976;8;35;
GRIGNASCO ;3983;3463;43;128;
INVORIO ;3278;2771;37;85;
LANDIONA ;514;456;8;28;
LESA ;1896;1640;13;35;
MAGGIORA ;1425;1204;25;55;
MANDELLO VITTA ;237;210;7;10;
MARANO TICINO ;1237;1078;19;45;
MASSINO VISCONTI ;924;828;7;15;
MEINA ;1938;1689;12;34;
MEZZOMERICO ;831;713;15;40;
MIASINO ;802;642;7;16;
MOMO ;2228;1948;26;71;
NEBBIUNO ;1381;1164;15;23;
NIBBIOLA ;649;574;7;14;
NOVARA ;81259;69366;533;1702;
OLEGGIO ;10272;8690;108;334;
OLEGGIO CASTELLO ;1535;1369;21;44;
ORTA SAN GIULIO ;931;790;10;22;
PARUZZARO ;1425;1254;24;49;
PELLA ;895;792;12;31;
PETTENASCO ;1064;925;11;24;
PISANO ;618;535;4;11;
POGNO ;1217;1040;17;37;
POMBIA ;1455;1213;12;36;
PRATO SESIA ;1606;1423;28;69;
RECETTO ;746;648;12;30;
ROMAGNANO SESIA ;3382;2967;53;127;
ROMENTINO ;3620;3136;53;134;
SAN MAURIZIO D'OPAGLIO ;2434;2186;33;85;
SAN NAZZARO SESIA ;626;539;11;24;
SAN PIETRO MOSEZZO ;1469;1317;7;31;
SILLAVENGO ;484;443;13;24;
SIZZANO ;1225;1033;24;50;
SORISO ;571;521;10;22;
SOZZAGO ;826;714;11;31;
SUNO ;2311;1923;26;65;
TERDOBBIATE ;376;327;4;12;
TORNACO ;719;623;5;26;
TRECATE ;14298;12117;124;385;
VAPRIO D'AGOGNA ;833;726;10;29;
VARALLO POMBIA ;3704;3201;37;109;
VERUNO ;1392;1364;13;43;
VESPOLATE ;1708;1473;20;53;
VICOLUNGO ;722;637;10;45;
VINZAGLIO ;500;437;6;13;
ALAGNA VALSESIA ;373;304;2;9;
ALBANO VERCELLESE ;289;242;7;10;
ALICE CASTELLO ;2077;1758;34;101;
ARBORIO ;834;693;15;20;
ASIGLIANO VERCELLESE ;1173;990;10;30;
BALMUCCIA ;83;68;0;0;
BALOCCO ;223;198;5;8;
BIANZE' ;1716;1490;15;56;
BOCCIOLETO ;224;183;2;11;
BORGO D'ALE ;2143;1724;26;73;
BORGOSESIA ;11398;9654;2;300;
BORGO VERCELLI ;1864;1583;22;59;
BREIA ;161;131;2;6;
BURONZO ;813;688;14;25;
CAMPERTOGNO ;193;158;7;10;
CARCOFORO ;65;51;0;0;
CARESANA ;922;747;15;30;
CARESANABLOT ;917;820;10;32;
CARISIO ;761;662;10;26;
CASANOVA ELVO ;219;196;3;5;
CELLIO ;767;605;5;18;
CERVATTO ;45;35;0;1;
CIGLIANO ;3729;3203;66;147;
CIVIASCO ;231;205;3;8;
COLLOBIANO ;85;81;0;3;
COSTANZANA ;734;625;10;29;
CRAVAGLIANA ;250;212;3;11;
CRESCENTINO ;6467;5351;72;243;
CROVA ;379;317;5;15;
DESANA ;914;807;18;37;
FOBELLO ;223;179;3;9;
FONTANETTO PO ;1039;855;9;31;
FORMIGLIANA ;463;410;3;9;
GATTINARA ;6978;5930;66;212;
GHISLARENGO ;702;583;6;17;
GREGGIO ;318;274;5;10;
GUARDABOSONE ;293;252;5;10;
LAMPORO ;453;379;5;19;
LENTA ;759;655;12;26;
LIGNANA ;478;414;2;8;
LIVORNO FERRARIS ;3515;3022;30;102;
LOZZOLO ;689;589;7;18;
MOLLIA ;82;65;0;0;
MONCRIVELLO ;1252;1094;40;82;
MOTTA DE' CONTI ;732;609;15;38;
OLCENENGO ;555;477;8;16;
OLDENICO ;211;187;2;10;
PALAZZOLO VERCELLESE ;1131;956;5;17;
PERTENGO ;284;254;1;7;
PEZZANA ;979;853;20;32;
PILA ;110;92;1;1;
PIODE ;169;143;3;6;
POSTUA ;490;420;7;23;
PRAROLO ;526;440;5;18;
QUARONA ;3552;3140;39;104;
QUINTO VERCELLESE ;370;325;6;11;
RASSA ;71;55;1;2;
RIMA SAN GIUSEPPE ;62;52;1;2;
RIMASCO ;139;103;4;9;
RIMELLA ;129;95;6;13;
RIVA VALDOBBIA ;198;152;2;4;
RIVE ;365;314;1;9;
ROASIO ;2096;1757;32;56;
RONSECCO ;512;436;11;26;
ROSSA ;166;133;1;11;
ROVASENDA ;849;745;10;29;
SABBIA ;71;57;1;2;
SALASCO ;211;187;3;5;
SALI VERCELLESE ;111;98;1;2;
SALUGGIA ;3354;2807;46;119;
SAN GERMANO VERCELLESE ;1399;1150;20;38;
SAN GIACOMO VERCELLESE ;297;253;9;13;
SANTHIA' ;7537;6565;68;182;
SCOPA ;326;266;4;18;
SCOPELLO ;354;299;4;12;
SERRAVALLE SESIA ;4110;3529;35;146;
STROPPIANA ;1032;904;15;36;
TRICERRO ;524;450;11;19;
TRINO ;6189;5318;90;202;
TRONZANO VERCELLESE ;2845;2480;36;102;
VALDUGGIA ;1853;1571;28;65;
VARALLO ;6248;5287;66;217;
VERCELLI ;38271;32241;295;985;
VILLARBOIT ;429;379;6;15;
VILLATA ;1358;1167;22;43;
VOCCA ;128;114;0;5;
AILOCHE ;274;226;3;5;
ANDORNO MICCA ;2891;2451;27;104;
BENNA ;938;820;17;34;
BIELLA ;38085;32478;270;871;
BIOGLIO ;898;769;11;37;
BORRIANA ;781;682;14;35;
BRUSNENGO ;1806;1492;17;48;
CALLABIANA ;126;109;2;5;
CAMANDONA ;333;279;2;10;
CAMBURZANO ;1016;896;4;31;
CAMPIGLIA CERVO ;153;126;3;6;
CANDELO ;6692;5777;52;221;
CAPRILE ;184;152;1;3;
CASAPINTA ;387;347;6;15;
CASTELLETTO CERVO ;705;570;9;25;
CAVAGLIA' ;2922;2546;36;126;
CERRETO CASTELLO ;548;496;4;13;
CERRIONE ;2360;2096;37;87;
COGGIOLA ;1935;1642;21;61;
COSSATO ;12510;10930;117;396;
CREVACUORE ;1485;1292;15;46;
CROSA ;250;205;7;15;
CURINO ;416;360;11;25;
DONATO ;631;464;18;34;
DORZANO ;400;338;6;14;
GAGLIANICO ;3215;2802;25;98;
GIFFLENGA ;97;97;4;9;
GRAGLIA ;1398;1140;19;52;
LESSONA ;2085;1861;19;57;
MAGNANO ;383;276;2;9;
MASSAZZA ;425;387;11;24;
MASSERANO ;1837;1548;20;58;
MEZZANA MORTIGLIENGO ;513;439;5;23;
MIAGLIANO ;548;442;8;20;
MONGRANDO ;3275;2839;35;106;
MOSSO ;1381;1157;17;76;
MOTTALCIATA ;1218;1053;25;60;
MUZZANO ;549;489;7;19;
NETRO ;837;680;15;37;
OCCHIEPPO INFERIORE ;3327;2854;31;105;
OCCHIEPPO SUPERIORE ;2422;2171;30;90;
PETTINENGO ;1324;1117;11;30;
PIATTO ;459;396;2;11;
PIEDICAVALLO ;173;143;0;0;
POLLONE ;1771;1488;22;61;
PONDERANO ;3258;2849;27;102;
PORTULA ;1197;1051;9;26;
PRALUNGO ;2271;1929;27;74;
PRAY ;2033;1744;20;66;
QUAREGNA ;1037;1010;10;46;
QUITTENGO ;186;147;0;1;
RONCO BIELLESE ;1225;1074;8;34;
ROPPOLO ;759;677;7;23;
ROSAZZA ;78;68;0;1;
SAGLIANO MICCA ;1403;1210;6;39;
SALA BIELLESE ;514;421;2;10;
SALUSSOLA ;1711;1426;20;64;
SANDIGLIANO ;2363;2080;34;101;
SAN PAOLO CERVO ;118;94;0;2;
SELVE MARCONE ;88;76;1;2;
SOPRANA ;684;588;8;26;
SORDEVOLO ;1141;954;16;50;
SOSTEGNO ;630;542;4;18;
STRONA ;975;835;17;48;
TAVIGLIANO ;755;663;9;48;
TERNENGO ;261;240;1;5;
TOLLEGNO ;2214;1883;17;64;
TORRAZZO ;176;133;0;5;
TRIVERO ;5305;4553;57;190;
VALDENGO ;2165;1935;25;81;
VALLANZENGO ;204;172;4;6;
VALLE MOSSO ;3059;2592;29;102;
VALLE SAN NICOLAO ;931;791;7;32;
VEGLIO ;451;368;10;25;
VERRONE ;960;861;10;38;
VIGLIANO BIELLESE ;7068;6184;59;201;
VILLA DEL BOSCO ;328;245;1;9;
VILLANOVA BIELLESE ;149;135;0;6;
VIVERONE ;1168;1026;15;39;
ZIMONE ;354;306;5;18;
ZUBIENA ;1087;930;14;45;
ZUMAGLIA ;931;844;4;16;
